[{"model": "admin.logentry", "pk": 1, "fields": {"action_time": "2024-12-15T22:22:21.545Z", "user": 1, "content_type": 13, "object_id": "2", "object_repr": "2. kolo 1. čast 46. ročník KMS", "action_flag": 2, "change_message": "[{\"changed\": {\"fields\": [\"Is public\"]}}]"}}, {"model": "admin.logentry", "pk": 2, "fields": {"action_time": "2024-12-15T22:22:23.878Z", "user": 1, "content_type": 13, "object_id": "1", "object_repr": "3. kolo 1. čast 46. ročník KMS", "action_flag": 2, "change_message": "[{\"changed\": {\"fields\": [\"Is public\"]}}]"}}, {"model": "admin.logentry", "pk": 3, "fields": {"action_time": "2024-12-15T22:22:46.189Z", "user": 1, "content_type": 13, "object_id": "1", "object_repr": "3. kolo 1. čast 46. ročník KMS", "action_flag": 2, "change_message": "[{\"changed\": {\"fields\": [\"End date\"]}}]"}}, {"model": "admin.logentry", "pk": 4, "fields": {"action_time": "2024-12-15T22:24:38.897Z", "user": 1, "content_type": 18, "object_id": "1", "object_repr": "Pravidlá", "action_flag": 1, "change_message": "[{\"added\": {}}]"}}, {"model": "admin.logentry", "pk": 5, "fields": {"action_time": "2024-12-15T22:24:57.940Z", "user": 1, "content_type": 20, "object_id": "1", "object_repr": "Seminár (seminare-dev.3sten.sk)", "action_flag": 1, "change_message": "[{\"added\": {}}]"}}, {"model": "admin.logentry", "pk": 6, "fields": {"action_time": "2024-12-15T22:25:19.925Z", "user": 1, "content_type": 21, "object_id": "1", "object_repr": "Pravidlá", "action_flag": 1, "change_message": "[{\"added\": {}}]"}}, {"model": "admin.logentry", "pk": 7, "fields": {"action_time": "2024-12-15T22:25:25.704Z", "user": 1, "content_type": 21, "object_id": "1", "object_repr": "Pravidlá", "action_flag": 2, "change_message": "[{\"changed\": {\"fields\": [\"Url\"]}}]"}}, {"model": "admin.logentry", "pk": 8, "fields": {"action_time": "2024-12-15T22:26:34.733Z", "user": 1, "content_type": 21, "object_id": "2", "object_repr": "Aktuálne zadania", "action_flag": 1, "change_message": "[{\"added\": {}}]"}}, {"model": "admin.logentry", "pk": 9, "fields": {"action_time": "2024-12-15T22:27:19.829Z", "user": 1, "content_type": 21, "object_id": "2", "object_repr": "Aktuálne zadania", "action_flag": 2, "change_message": "[{\"changed\": {\"fields\": [\"Icon\"]}}]"}}, {"model": "admin.logentry", "pk": 10, "fields": {"action_time": "2024-12-15T22:28:21.573Z", "user": 1, "content_type": 21, "object_id": "3", "object_repr": "Novinky", "action_flag": 1, "change_message": "[{\"added\": {}}]"}}, {"model": "admin.logentry", "pk": 11, "fields": {"action_time": "2024-12-15T22:28:48.009Z", "user": 1, "content_type": 19, "object_id": "1", "object_repr": "Adventný Trojboj", "action_flag": 1, "change_message": "[{\"added\": {}}]"}}, {"model": "admin.logentry", "pk": 12, "fields": {"action_time": "2024-12-15T22:29:19.653Z", "user": 1, "content_type": 19, "object_id": "2", "object_repr": "Prihlás sa na Akadémiu Trojstenu!", "action_flag": 1, "change_message": "[{\"added\": {}}]"}}, {"model": "admin.logentry", "pk": 13, "fields": {"action_time": "2024-12-15T22:29:33.232Z", "user": 1, "content_type": 19, "object_id": "2", "object_repr": "Prihlás sa na Akadémiu Trojstenu!", "action_flag": 2, "change_message": "[{\"changed\": {\"fields\": [\"Content\"]}}]"}}, {"model": "admin.logentry", "pk": 14, "fields": {"action_time": "2024-12-15T22:30:30.860Z", "user": 1, "content_type": 20, "object_id": "2", "object_repr": "Iné akcie (seminare-dev.3sten.sk)", "action_flag": 1, "change_message": "[{\"added\": {}}]"}}, {"model": "admin.logentry", "pk": 15, "fields": {"action_time": "2024-12-15T22:31:22.655Z", "user": 1, "content_type": 21, "object_id": "4", "object_repr": "Akadémia", "action_flag": 1, "change_message": "[{\"added\": {}}]"}}, {"model": "sessions.session", "pk": "7phbn4nh6b2yvs5iip4rqlby74xlc44n", "fields": {"session_data": ".eJxVj72OwyAQhN-FOrJhAWO7u5_mqmvSowU2MXcJRECkSFHePbbumnSjb2akmTvLMXhbGzaqbL4_dn_glI8x2US3xmbWV2q1F_2lZHei8ybZjlm8tsVeKxUbw5qSr8yh_6W0GZXOMWGhbuO12yLdvuSf2ih9f31-vL2_Nhesy1oLzqDwkovBcz1OxCfph5E77jQNTnEIQATKSRy4HwWOcFDESRs0MoQA7P9KDLbldYql2yUWbDEnNgsjlQYNUndgwKjJPJ6nClcG:1tNsJP:q9tKp0tpVFJ-oovFyQ7jxZCfiMgxondSe2Z9_3WUfwM", "expire_date": "2025-01-01T11:33:55.275Z"}}, {"model": "sessions.session", "pk": "8e7ula1yi7rtifg3hi4crt82gn4vucby", "fields": {"session_data": ".eJxVjj1PhjAURv9LZ4K3H5TC9qqLk4t7c9tepa_aGloSEsJ_F6IL63mek5yN5Ri8LRUrFTZue_MHvvJHTDbRWtnIHljDLC51skuh2cZwMHllDv0npXMo9B0TztSevLTnpX2b871USq8vz0-3x6s5YZkOLbgeuZfAtYfODASD9NqAA9eRdgpEEERCOYkavOFoxLsioK7HXoYQBPsPj8HWfKRYWn_ijDXmxEbey05r0KBaoxUYzvdfSetQvA:1tSdfo:VXy3wZ9jKfQbnFUhApXspe5vUBbeH6P9z-6xYsBj2sk", "expire_date": "2025-01-14T14:56:44.866Z"}}, {"model": "sessions.session", "pk": "a512kmqzgsymjqd10ld6d4iumcpi24fc", "fields": {"session_data": ".eJxVjrtOxDAQRf9l6lU0fsZJx6OhoqG3xvZADMFGsSOttNp_ZyNotj33HulcoOYUfevUucF8uZ7-wFo_cvGFzx3msq_rCTztffF7483nBDMIuGOB4heXY2j8nQttPBy8DcdleNvqZ-tcXl-enx4e782F2nLTUhhJRIXCRjRuYpxUtA4DBsM2aJRJMksdFFmMTpCT75qRzUijSilJ-C_Pyfd6S_F8_skb9VwLzGJUWrlJKBycNsYKc_0FZoRSCQ:1tNIuA:FHHCaHkEKbGxhnuzESc-RgotoQ1RCqpnNeupAaTmJzg", "expire_date": "2024-12-30T21:45:30.846Z"}}, {"model": "sessions.session", "pk": "ohtl4e1yv18i24v2njlqb8kdt9t52z03", "fields": {"session_data": ".eJwlzr0OgjAUQOF3uTOxhRYFNnHRqOA_6kKQXgxJaQmtxGh4dzXuJ1_OG3QtytzYwqKB6A1JO5nhgtmXv_Y3O-Ed2-qhYs66w3Z5fWX815RaYN5jV1c1dhCph5QOKK1KhAgylKK9zM25CJtTzCl9-maa0lWQpEbueQ8OFEKgyLWCyJ0wzqgX0vGIhT53g2Fw_kdS32uVK3zar0kMWkNc0nb6JrExxCMwfADAbjzI:1tMxPW:RZQ2TjIhP-UPaWyYRkSPwkad3HvT8wtolqKF63WJ6X8", "expire_date": "2024-12-29T22:48:26.432Z"}}, {"model": "sessions.session", "pk": "pyen8rd8it264loyduggoklqz4qnzsn3", "fields": {"session_data": ".eJxVjrkOwjAQBf_FNQo-E5OOo6GiobfW9kLMYaPYkZCi_DsJVLTz3kgzkhS8M7lAwUzacVr9wCNdQzQR34W0ZE1WxMBQOjNk7E3wM-P_zIK7Y1yGjM8Qocdq4blaLtW5T7dcMJ6Oh_129292kLtZ87YB5gRltaNKb5BuhKs1tdQqrK2k3HNELq2AmjrNQPOLRIqqgUZ475ecb3jwpqQ5xeD7FXooIUXSskZIobhgvBJKM8nk9AFIsVCy:1tN9KK:17xaHkwKVPVZQtdFFlrQfbwfmRhaJsU3CXCkvfOEqsc", "expire_date": "2024-12-30T11:31:52.363Z"}}, {"model": "sessions.session", "pk": "vqdpddbgc12lhzer3btd0eigdvn9be8y", "fields": {"session_data": ".eJxVjr1uwjAURt_FM0qvf2I72YAuTCzdrWv7QkyLjWIjISHevYnahfV835HOk5UUg6sNG1U2Pl-bP_BTzim7TI_GRvbBNszhvU3uXml2KS5MvjOP4ZvyOlS6powzdSuv3XrpvuZyqY3y8fC53-7ezQnrtGjRG-RBAtcBejsQDDJoCx58T9orEFEQCeUlagiWoxUnRUC9QSNjjIL9h6foWllSHD1uacaWSmYjN1JZzYFDNyhrjR5ev0n2UMw:1tPHf8:j5rZSIRv2zMZPRC63EUz0Tx7uDNhYFMBcqEBlWlGN4E", "expire_date": "2025-01-05T08:50:10.954Z"}}, {"model": "sessions.session", "pk": "yri18arxi24c2d5qzegtak034yea7e8d", "fields": {"session_data": ".eJxVj01vwyAQRP8L58gsYBvbt35ceuqld7TAtqZNIGKJFCnKf6-t9pLrm3nSzE2UFIPjho1YLLf74Q8cy1fKLtO1iUVIpsZSyXMt_kgnlkaKg3B4aau7MFWX4tYyj8xj-KG8B0ynlLFSt3Pu9kr3Ucs3N8rvb68vT8-P5oq8blr0FlUwoMYAwzQTzCaME3jwA42-Bx01ke69wRHCpHDSnz0BDRatiTFq8X8lRdfKNsXR9ZwqtlSyWJQ1_aBBaeiMsjBP8_0XqBhW-w:1tNqyu:RxRBojGOySZ92gIigNOK-JtuRKVapy87HDB3MVRW61Q", "expire_date": "2025-01-01T10:08:40.318Z"}}, {"model": "sites.site", "pk": 1, "fields": {"domain": "seminare-dev.3sten.sk", "name": "example.com"}}, {"model": "users.user", "pk": 1, "fields": {"password": "", "last_login": "2024-12-16T21:45:30.841Z", "is_superuser": true, "username": "gardenerik", "first_name": "Adam", "last_name": "Zahradník", "email": "adam.zahradnik@trojsten.sk", "is_staff": true, "is_active": true, "date_joined": "2024-12-15T22:21:33.262Z", "trojsten_id": 1, "groups": [], "user_permissions": []}}, {"model": "users.user", "pk": 2, "fields": {"password": "", "last_login": "2024-12-16T09:40:01.022Z", "is_superuser": false, "username": "Aiq0", "first_name": "Andrej", "last_name": "Lackovič", "email": "andrej.lackovic@trojsten.sk", "is_staff": false, "is_active": true, "date_joined": "2024-12-16T09:40:00.988Z", "trojsten_id": 139, "groups": [], "user_permissions": []}}, {"model": "users.user", "pk": 3, "fields": {"password": "", "last_login": "2024-12-31T13:50:23.363Z", "is_superuser": false, "username": "kluka1", "first_name": "Ján", "last_name": "Kľuka", "email": "jan.kluka@fmph.uniba.sk", "is_staff": false, "is_active": true, "date_joined": "2024-12-18T09:39:18.294Z", "trojsten_id": 1713, "groups": [], "user_permissions": []}}, {"model": "users.enrollment", "pk": 1, "fields": {"problem_set": 1, "user": 1, "school": null, "grade": "OLD", "category": 3}}, {"model": "users.enrollment", "pk": 2, "fields": {"problem_set": 1, "user": 3, "school": null, "grade": "OLD", "category": 3}}, {"model": "submits.filesubmit", "pk": 1, "fields": {"enrollment": 1, "problem": 3, "created_at": "2024-12-15T22:22:54.457Z", "score": null, "scored_by": null, "comment": "", "file": "submits/3/1_86a153527343b8eb.png", "comment_file": ""}}, {"model": "submits.filesubmit", "pk": 2, "fields": {"enrollment": 2, "problem": 1, "created_at": "2024-12-18T10:09:55.889Z", "score": null, "scored_by": null, "comment": "", "file": "submits/1/3_be6d3abfc819c1bb.jpg", "comment_file": ""}}, {"model": "submits.filesubmit", "pk": 3, "fields": {"enrollment": 2, "problem": 1, "created_at": "2024-12-31T15:22:57.995Z", "score": null, "scored_by": null, "comment": "", "file": "submits/1/3_0df4e088637c4d6d.jpg", "comment_file": ""}}, {"model": "problems.problemset", "pk": 1, "fields": {"contest": 3, "name": "3. kolo 1. čast 46. ročník KMS", "start_date": "2024-11-08", "end_date": "2024-12-30", "is_public": true}}, {"model": "problems.problemset", "pk": 2, "fields": {"contest": 3, "name": "2. kolo 1. čast 46. ročník KMS", "start_date": "2024-09-08", "end_date": "2024-11-07", "is_public": true}}, {"model": "problems.problem", "pk": 1, "fields": {"name": "Základné zručnosti", "number": 3, "problem_set": 1}}, {"model": "problems.problem", "pk": 2, "fields": {"name": "A sme doma", "number": 1, "problem_set": 1}}, {"model": "problems.problem", "pk": 3, "fields": {"name": "Stankova dilema", "number": 2, "problem_set": 1}}, {"model": "problems.problem", "pk": 4, "fields": {"name": "Školské pomôcky", "number": 4, "problem_set": 1}}, {"model": "problems.problem", "pk": 5, "fields": {"name": "Koho ešte nepoznám?", "number": 1, "problem_set": 2}}, {"model": "problems.problem", "pk": 6, "fields": {"name": "Oči veľké", "number": 2, "problem_set": 2}}, {"model": "problems.text", "pk": 1, "fields": {"text": "# Základné zručnosti\r\n\r\nMisQo sedí v školskej lavici a rozvíja svoju jemnú motoriku búchaním jednej fixky o druhú. To ho po čase omrzí a rozhodne\r\nsa zabaviť sa niečím iným. Na lavici má položenú kopu ceruziek. Každá je zastrúhaná do rôznej dĺžky. Vezme lepidlo a ceruzky\r\nzačne lepiť o seba a vyrábať z nich rebrík.\r\n\r\n\"Koľko najviac stupienkov vlastne môže mať ten rebrík?\", hovorí si.\r\n\r\nNechce sa mu ale nad tým rozmýšľať, skúste to teda zistiť zaňho.\r\n\r\n## Úloha\r\n\r\nNa výrobu rebríka s $k$ stupienkami potrebuje MisQo $k+2$ ceruziek, ktoré použije takto:\r\n\r\n- Dve ceruzky s dĺžkou aspoň $k+1$ použije ako boky rebríka, na ktoré bude lepiť stupienky.\r\n- Na stupienky potrebuje ďalších $k$ ceruziek s dĺžkou aspoň $1$, pričom širšie ceruzky budú z rebríka vytŕčať.\r\n- Medzi jednotlivými stupienkami budú rozostupy dĺžky 1, pričom aj prvý a posledný stupienok\r\nmusia mať od koncov bočných ceruziek vzdialenosť aspoň 1.\r\n\r\nNajlepšie to celé pochopíte na obrázku:\r\n\r\nNa prvý rebrík použil MisQo dve ceruzky dĺžky 3 ako boky a dve ceruzky dĺžky 1 ako stupienky.\r\nAj druhý rebrík je vyrobený správne -- boky sú znova z dvoch ceruziek dĺžky 3, stupienok je jedna ceruzka dĺžky 2.\r\nNa poslednom rebríku vidíme, že ceruzky môžu mať navzájom rôzne dĺžky -- v tomto prípade 3 a 10[^1] na boky\r\na 2 a 3 na stupienky.\r\n\r\nVašou úlohou je zistiť najväčší počet stupienkov rebríka, ktorý vie Miško vyrobiť takýmto spôsobom.\r\n\r\n## Formát vstupu\r\n\r\nV prvom riadku vstupu je číslo $n$ ($1 \\leq n \\leq 10^5$) udávajúce počet ceruziek. Ďalej nasleduje $n$\r\nriadkov -- každý z nich obsahuje jedno celé číslo $a_i$, ktoré zodpovedá dĺžke $i$-tej ceruzky, pričom platí\r\n$1 \\leq a_i \\leq 10^6$.\r\n\r\n## Formát výstupu\r\n\r\nVypíš jeden riadok a v ňom jedno celé číslo $k$ - najväčší počet stupienkov rebríka, ktorý vie Miško vyrobiť.\r\nAk sa nedá z ceruziek postaviť žiadny rebrík, vypíš nulu.\r\n\r\n## Príklad\r\n\r\n```vstup\r\n5\r\n6 \r\n1\r\n4\r\n8\r\n2\r\n```\r\n\r\n```vystup\r\n3\r\n```\r\n\r\n*Ako základ rebríka použijeme dve najdlhšie ceruzky s dĺžkou 8 a 6. Zostanú nám 3 ceruzky, ktoré na tie zvislé\r\nvieme prilepiť. Rebrík teda bude mať 3 stupienky.*\r\n\r\n```vstup\r\n4\r\n2\r\n1\r\n2\r\n1\r\n```\r\n\r\n```vystup\r\n1\r\n```\r\n\r\n*Ak si vyberieme ceruzky dĺžky 2 ako základ rebríka, ostanú nám dve ceruzky dĺžky 1 na stupienky. Z nich\r\nale vieme použiť iba jednu, keďže boky rebríka sú príliš krátke.*\r\n\r\n[^1]: Hups, tá sa nám do obrázka nevošla...", "type": "PS", "problem": 1}}, {"model": "problems.text", "pk": 2, "fields": {"text": "# Základné zručnosti {vzorak=\"Michal Staník\" mail=\"michal.stanik@trojsten.sk\" bodypopis=12 bodyprogram=8}\r\n%by michalstanik1\r\n%proofread fezjo\r\n\r\nMôžeme si všimnúť, že nezáleží na tom, ktoré ceruzky použije MisQo na stupienky,\r\npretože o každej vieme, že má dĺžku aspoň $1$ (garantuje nám to zadanie)\r\na žiadne iné obmedzenia na ne nemáme.\r\n\r\nBočné ceruzky chceme mať čo najdlhšie, aby sme mohli mať potenciálne čo najdlhší rebrík.\r\nKeďže je nám jedno, ktoré ceruzky budú stupienky,\r\nje najlepšie použiť dve najdlhšie ceruzky zo vstupu ako bočné,\r\nnikde inde nám tieto dlhé ceruzky chýbať nebudú.\r\n\r\nNajväčšia možná dĺžka rebríka je potom daná dĺžkou kratšej z dvoch najdlhších ceruziek\r\n-- ak má druhá najdlhšia ceruzka zo vstupu dĺžku $l$, tak najdlhší možný rebrík\r\nmá $l-1$ stupienkov.\r\n\r\nDruhá vec, ktorá nás obmedzuje, je celkový počet ceruziek. MisQo nemôže postaviť rebrík\r\ns viac ako $n-2$ stupienkami (ktoré mu ostali po odložení dvoch bočných ceruziek).\r\n\r\nObe obmedzenia platia súčasne, teda vezmeme minimum z ich hodnôt.\r\nAk je $n=1$, druhá najdlhšia ceruzka neexistuje -- tento prípad vyriešime osobitne a vypíšeme preň $0$ -- žiaden rebrík sa postaviť nedá.\r\n\r\nCelé riešenie vieme implementovať v čase lineárnom od počtu ceruziek: $O(n)$.\r\nStačí nám dvakrát prejsť celý zoznam dĺžok a vypočítať zopár porovnaní.\r\n\r\n% Uncomment listings only after doprogramovavanie is finished.\r\n\\listing{prikl1/vstupy/sol-michals.py}\r\n\r\nPre pohodlnejšiu implementáciu najskôr nájdeme maximum dĺžok ceruziek,\r\nodstránime ho zo zoznamu pomocou funkcie `remove` a nájdeme maximum zostávajúcich dĺžok,\r\nktoré je druhou najväčšou dĺžkou ceruzky. Je dôležité mať na pamäti,\r\nže funkcia `remove` má lineárnu zložitosť voči dĺžke zoznamu, pretože\r\nvšetky prvky za odstraňovaným prvkom sa musia posunúť o jednu pozíciu doľava v zozname\r\na týchto prvkov môže byť až $O(n)$. Tu na tom nezáleží, pretože aj tak robíme\r\nlineárne hľadanie maxima. Avšak neopatrné volanie funkcie `remove` (napr. opakovane v cykle)\r\nmôže často zhoršiť zložitosť algoritmu, a preto na to treba myslieť.\r\n\r\nÚloha sa dá implementovať v čase $O(n)$ aj s konštantnou pamäťovou zložitosťou,\r\nnepotrebujeme si totiž pamätať celý zoznam ceruziek, ale stačia nám iba aktuálne dve najdlhšie a celkový počet ceruziek.\r\n\r\n\\listing{prikl1/vstupy/sol.py}", "type": "ES", "problem": 1}}, {"model": "problems.text", "pk": 3, "fields": {"text": "# A sme doma {vzorak=\"Vašino\" mail=\"samuel.vasko@trojsten.sk\" bodypopis=12 bodyprogram=8}\r\n%by Vašino\r\n%proofread by Sabinka, fezjo\r\n\r\n\r\n## Prechádzanie poschodiami od z do k (Počet bodov: 4/8)\r\nPredpokladajme, že Vašino ide postupne, po jednom, od najnižšieho poschodia $z$ po najvyššie $k$. V tomto prípade, vždy keď príde na nejaké poschodie (dokopy $n$-krát), rozhoduje sa, či cez neho môže prejsť. Rozhodovanie znamená, že sa pozrie do poľa veľkosti $p$, v ktorom sú uložené čísla mysterióznych poschodí, či sa tam dané poschodie nachádza. Toto overenie mu vždy trvá $O(p)$ operácií. Ak zistí, že sa tam aktuálne poschodie nenachádza, vie, že dovtedajší súvislý úsek nemysterióznych poschodí môže zvýšiť o 1. Inak musí dĺžku znulovať. Z takto napočítaných úsekov si vyberie najdlhší.  Časová zložitosť bude $O(n) + n \\cdot O(p)$, čo je $O(n \\cdot p)$.\r\nPamäťová zložitosť je $O(p)$, nakoľko si pamätáme pole mysterióznych poschodí.\r\n\r\n## Mysteriózne poschodia v množine (Počet bodov: 6/8)\r\nPostupujeme tak isto ako v predchádzajúcom riešení, len namiesto ukladania mysterióznych poschodí do poľa si ich ukladáme do dátovej štruktúry množina. Totiž overenie, či sa v množine nachádza nejaký prvok je v programovacích jazykoch zvyčajne implementované ako veľmi rýchla operácia. Dátová štruktúra `set` v Pythone a `std::unordered_set` v C++ túto operáciu podporujú v $O(1)$. Časová zložitosť teda bude len $O(n \\cdot 1) = O(n)$. Pamäťová zložitosť sa nezmenila.\r\n\r\n\\listing{prikl2/vstupy/sol-misq-6b.py}\r\n\r\n\r\n## Optimálne riešenie (Počet bodov: 8/8)\r\nPoďme teraz vyriešiť druhý problém pôvodného riešenia, a to, že prechádzame cez všetky poschodia. Všimnime si, že počet mysterióznych poschodí je oveľa menší než celkový počet poschodí. Využime tento fakt v náš prospech.\r\n\r\nOpäť môžeme ísť zdola nahor. Keďže nemysteriózne poschodia nám cestu nekazia, nemusíme sa o ne zaujímať a môžeme ich preskočiť. Aby sme prechádzali mysetriózne poschodia naozaj v poradí zdola nahor, vopred si ich usporiadame od najmenšieho po najväčšie. Dva prvky vedľa seba potom znamenajú možnú súvislú dĺžku jazdy výťahom.\r\n\r\nNa zjednodušenie implementácie na úvod tohoto zoznamu pridáme $z-1$ a na záver $k+1$. Tieto čísla budú slúžiť ako zarážky, aby aj prípadné koncové úseky poschodí boli z oboch strán ohraničené mysterióznymi poschodiami. Uvedomme si, že aj keby jedno z týchto pridaných zarážkových poschodí bolo uvedené ako mysteriózne na vstupe, fungovanie programu nám to nepokazí.\r\n\r\nKaždý súvislý bezproblémový úsek je teraz ohraničený dvoma, v našom poli susednými, mysterióznymi poschodiami. Keďže chcem nájsť najdlhší úsek, porovnávame každé dve susedné mysterózne poschodia a zapisujeme si najväčší rozdiel, ktorý kedy nameriame. Odpoveď vypíšeme.\r\n\r\nRýchle triediace algoritmy ako napríklad quicksort alebo mergesort majú pre $n$ prvkov časovú zložitosť $O(n \\log n)$. My samozrejme použijeme vstavané triediace algoritmy našich jazykov, ktoré majú rovnakú časovú zložitosť. Jedno prejdenie a porovnanie susedov trvá $O(p)$, čo je zanedbateľné v porovnaní s náročnejšiou operáciou triedenia. Celková časová zložitosť je teda $O(p \\log p)$ -- $n$ sa nám zmenilo na $p$, avšak pribudol nám logaritmus (ale nezúfajte, vieme sa ho zbaviť!).\r\n\r\nPamäťová zložitosť stále zostáva $O(p)$, lebo rovnako ako v prvom riešení si udržiavame mysteriózne poschodia v poli dĺžky $p$.\r\n\r\n\\listing{prikl2/vstupy/sol-py-8b.py}\r\n\r\n\r\n## Riešenie v ideálnom svete (Počet bodov: 8/8)\r\nPre isté špeciálne prípady vstupov existujú aj rýchlejšie spôsoby usporiadavania prvkov ako v $O(p \\log p)$. Napríklad ak máme usporiadavať celé čísla v určenom rozsahu, môžeme použiť algoritmus bucket sort, ktorý to dokáže v čase $O(p)$. Viac o bucket sorte si môžeš prečítať napríklad [tu, na wiki](https://cs.wikipedia.org/wiki/P%C5%99ihr%C3%A1dkov%C3%A9_%C5%99azen%C3%AD). S jeho použitím vyriešime problém logaritmu a dostávame optimálnu časovú aj pamäťovú zložitosť $O(p)$ (lepšia nemôže byť kvôli veľkosti vstupu).\r\n\r\nAk si použil bucket sort, veľmi pravdepodobne si ale zistil, že kód ti bežal pomalšie než s použitím vstavaného sortu. To je normálne (štandardná knižnica sa poráža ťažko) a stále od nás dostávaš extra pochvalu.", "type": "ES", "problem": 2}}, {"model": "problems.text", "pk": 4, "fields": {"text": "# A sme doma...\r\n\r\nPo maturite riešil mladý Vašino zapeklitý problém - raz sa prázdniny skončia a bude treba ísť do školy. Teraz bol problém ešte zložitejší, lebo si vyberal, kam pôjde študovať. Situácia závažná, nakoniec sa ale rozhodol, že **MatFyz** je najlepšie miesto na študovanie informatiky na svete.\r\n\r\nHodil si mincou, či bude bývať na internáte alebo si pohľadá nejaký podnájom. Keďže padla hlava, bude musieť byť ďalší rok sociálnejší a zabývať sa na internáte.\r\n\r\nKeď Vašino pricestoval na intrák, najviac ho zaujal výťah vo výškovej budove. Všimol si, že niektoré poschodia sú vo výťahu špeciálne vyznačené. Hneď mu bolo jasné, že ide o nejaké **mysteriózne** poschodia. Keďže Vašino je len zmätený prvák, radšej by sa im vyhol. Zároveň má ale Vašino rád vozenie sa výťahom a tak chce zistiť, koľko najviac si vie užívať bezstarostnú jazdu, bez prechádzania cez takéto desivé poschodia. Inak povedané, koľko najviac poschodí po sebe sa vie viezť tak, aby neprešiel ani jedným mysterióznym poschodím. \r\n\r\n\r\n## Úloha\r\n\r\nVýťah vie klesnúť najviac na poschodie číslo $z$ (ako začiatočné) a ide hore až po poschodie číslo $k$ (ako konečné). Mysteriózne poschodia sú označené číslami z množiny celých čisel na tomto intervale.\r\n\r\nVašou úlohou je určiť, aký dlhý je najdlhší úsek po ceste zo $z$ do $k$ je taký, že na ňom neprejdeme cez žiadne mysteriózne poschodia. (Dĺžka úseku je počítaná ako počet nemysterióznych poschodí, ktoré cesta obsahuje. Teda sa tam počítajú aj začiatočné a konečné poschodie.)\r\n\r\n\r\n## Formát vstupu\r\n\r\nV prvom riadku sú dve hodnoty $z$ a $k$ oddelené medzerou ($1 \\leq z < k \\leq 10^{12}$) - spolu predstavujú interval, na ktorom premáva výťah.\r\n\r\nV druhom riadku je práve jedno číslo $p$, určujúce počet poschodí, ktoré sú mysteriózne.\r\n\r\nV treťom, poslednom riadku, je $p$ medzerou oddelených čísel, reprezentujúce mysteriózne poschodia, cez ktoré nechceme prejsť výťahom, ani tam nastúpiť či vystúpiť.\r\n\r\n\r\n\r\n## Hodnotenie\r\n\r\nPremenná $n$ reprezentuje celkový počet poschodí, teda $n = k-z+1$, cez ktoré premáva výťah.\r\nPremenná $p$ reprezentuje počet mysterióznych poschodí, ktorým sa treba vyvarovať.\r\nPlatí, že ľubovolné tajné poschodie nie je menšie ako $z$ ani väčšie ako $k$. V nasledujúcej tabuľke uvádzame horné obmedzenia pre $n$ a $p$ v 4 sadách vstupov - za každú úspešne vyriešenú sadu vám testovač udelí 2 body.\r\n\r\n| Sada            |     1    |        2 |         3 |      4 |\r\n|:----------------|---------:|---------:|----------:|-------:|\r\n| $1 \\leq n \\leq$ |   $20$   | $1\\,000$ |    $10^6$ | $10^9$ |\r\n| $0 \\leq p \\leq$ |   $20$   | $1\\,000$ |    $10^6$ | $10^9$ |\r\n(v C++ nezabudnite použiť `long long` premenné)\r\n\r\n\r\n## Formát výstupu\r\nVypíšte jeden riadok a v ňom jedno celé číslo - dĺžka najdlhšieho úseku cesty výťahom bez prechodu cez nejaké mysteriózne poschodie.\r\n\r\n\r\n## Príklady\r\n\r\n```vstup\r\n2 11\r\n2\r\n4 9\r\n```\r\n\r\n```vystup\r\n4\r\n```\r\n*Najdlhšie sa budeme viesť 4 poschodia a to od piateho po ôsme (vrátane).*\r\n\r\n\r\n```vstup\r\n1 4\r\n1\r\n1\r\n```\r\n\r\n```vystup\r\n3\r\n```\r\n*Nastupujeme na druhom a ideme až na štvrté - dokopy tri poschodia.*\r\n\r\n\r\n```vstup\r\n40 533\r\n5\r\n95 71 533 49 233\r\n```\r\n\r\n```vystup\r\n299\r\n```", "type": "PS", "problem": 2}}, {"model": "problems.text", "pk": 5, "fields": {"text": "# Stankova dilema {vzorak=\"Filip Siviček\" mail=\"filip.sivicek@trojsten.sk\" bodypopis=12 bodyprogram=8}\r\n%by Filip Siviček\r\n%proofread fezjo\r\n\r\n## Bruteforce\r\nBruteforce sa väčšinou robí tak, že vyskúšame všetky možnosti. Keďže máme zistiť, koľko dvojíc predmetov je podobnejších ako rozdielnejších, stačí vyskúšať každú dvojicu a spraviť pre ne XOR a AND. Keď bude ich XOR väčší ako ich AND, zapamätáme si to. Všetkých dvojíc je $\\binom{n}{2}$. To znamená, že toto riešenie má časovú zložitosť $O(n^2)$. Pamäťovú zložitosť má $O(n)$, pretože si potrebujeme zapamätať všetky čísla zo vstupu, aby sme ich mohli navzájom porovnať.\r\n\r\n## Zaujímavá myšlienka\r\nDve čísla sú podobnejšie ako rozdielnejšie vtedy, keď ich najľavejší jednotkový bit je na \"rovnakom mieste\" (nasleduje za ním v oboch číslach rovnako veľa bitov). Majme dve čísla v binárnom tvare $1\\square_{k-2}\\square_{k-3}...\\square_{1}\\square_{0}$ a $1\\square_{k-2}\\square_{k-3}...\\square_{1}\\square_{0}$, kde $k$ je počet bitov čísla a štvorček značí bit.\r\nIch AND je $1\\square_{k-2}\\square_{k-3}...\\square_{1}\\square_{0}$ a ich XOR je $0\\square_{k-2}\\square_{k-3}...\\square_{1}\\square_{0}$. Očividne platí, $1\\square_{k-2}\\square_{k-3}...\\square_{1}\\square_{0} > 0\\square_{k-2}\\square_{k-3}...\\square_{1}\\square_{0}$. To znamená, že sú podobnejšie ako rozdielnejšie. Naopak, ak máme dve čísla - $1\\square_{k-2}\\square_{k-3}...\\square_{1}\\square_{0}$ a $0\\square_{k-2}\\square_{k-3}...\\square_{1}\\square_{0}$, ktoré nemajú najľavejší jednotkový bit na rovnakom mieste, tak ich AND je $0\\square_{k-2}\\square_{k-3}...\\square_{1}\\square_{0}$ a ich  XOR je $1\\square_{k-2}\\square_{k-3}...\\square_{1}\\square_{0}$. Očividne platí, že $0\\square_{k-2}\\square_{k-3}...\\square_{1}\\square_{0} < 1\\square_{k-2}\\square_{k-3}...\\square_{1}\\square_{0}$. To znamená, že sú rozdielnejšie ako podobnejšie.\r\nZ toho vyplýva, že nám stačí o čísle vedieť jeho najľavejší jednotkový bit aby sme vedeli, koľko čísel je s ním podobnejších ako rozdielnejších.\r\n\r\n## Optimálne riešenie\r\nVytvoríme si pole s veľkosťou $b$, kde $b$ je počet bitov najväčšieho čísla. V tomto poli si budeme pamätať, koľko čísel s daným najľavejším bitom sme videli.\r\n\r\nNajľavejší bit čísla vieme v C++ zistiť pomocou funkcie `__builtin_clz()`, ktorá spočíta počet nulových bitov na začiatku čísla (v $O(1)$!). V Pythone zasa môžeme využiť funkciu `bin()`, ktorá prevedie číslo do binárnej sústavy a vráti ho ako string. Pozíciu najľavejšieho jednotkého bitu zisíme ako `len(bin(x)) - 2`.\r\n\r\nKeď už máme vstup prejdený a pole naplnené, zostáva nám spočítať počet dvojíc. Vieme, že ľubovoľné dve čísla s rovnakým najľavejším bitom sú viac podobné ako rozdielne. Na zistenie počtu dvojíc môžeme použiť vzorec $\\frac{n_i*(n_i - 1)}{2}$, kde $n_i$ je číslo na i-tom mieste v našom poli. Alternatívne si vieme počet dvojíc počítať počas plnenia pola. Vždy pred tým, než zvýšime hodnotu pola o jedna k finálnemu výsledku pripočítame túto hodnotu pola. Zamyslite sa, že týmto postupom dostaneme rovnaký výsledok.\r\n \r\nČasová zložitosť riešenia je $O(bn)$ a pamäťová je $O(b)$. Ale keďže $b$ je vo všetkých vstupoch rovnaké a počet bitov sa väčšinou ako premenná vynecháva, môžeme povedať, že časová zložitosť je $O(n)$ a pamäťová je $O(1)$.\r\n\r\n\r\n% Uncomment listings only after doprogramovavanie is finished.\r\n\r\n\\listing{prikl3/vstupy/sol.py}\r\n\r\n\\listing{prikl3/vstupy/sol-bitmagic.cpp}", "type": "ES", "problem": 3}}, {"model": "problems.text", "pk": 6, "fields": {"text": "# Stankova dilema\r\n\r\nPomaly sa blíži začiatok semestra, a s ním aj najťažšie rozhodnutia každého študenta - ktoré predmety si zapísať? Presne takúto dilemu má aj Stanko, študent informatiky na matfyze^[[tom lepšom](https://fmph.uniba.sk/)]. Stanko si najprv teda zapísal všetky povinné predmety - napríklad programovanie, algebru, angličtinu, či telesnú, a má ešte veľa zaujímavých nepovinných predmetov, ktoré by si chcel zapísať - napríklad Neštruktúrované rozpravy o štruktúrach: kapitoly z matematiky pre informatikov, Hyperprogramovanie, či Determinanty pohybovej aktivity^[na fakulte telesnej výchovy a športu]. Bohužial, už teraz má plný rozvrh, a v škole bude tak 12 hodín denne, takže si nemôže zapísať všetky predmety, ale len 2. Zároveň, aby to nemal až príliš tažké^[a stíhal popri škole pripravovať úlohy do KSP] chcel by, aby boli tieto dva predmety viac rovnaké, ako rozdielne. \r\n\r\n## Úloha\r\nPre každý predmet existuje jedno číslo, ktoré daný predmet dokonale popisuje. Dva predmety sú tak rovnaké, aká je hodnota bitového ANDu ich čísel, a tak rozdielne ako je hodnota ich bitového XORu. Vašou úlohou je zistiť, koľko dvojíc predmetov spĺňa Stankove kritérium - dvojica je viac rovnaká ako rozdielna.\r\n\r\n## Bitové operácie\r\nBitové operácie majú ako \"vstup\" dve čísla, a vracajú jedno. Pozerajú sa na zápis vstupných čísiel v 2-kovej sústave – ich _bitový zápis_. Potom sa pozrú na každú bit (pozíciu) zvlášť, a vo výsledku bude bit podľa tých na vstupe. V prípade XORu (buď alebo) bude výsledok '1' ak boli vstupné bity rôzne a inak '0'. V prípade ANDu (a) to bude '1' len v prípade, že boli oba vstupné bity '1', v opačnom '0'.\r\nNapríklad bitový AND čísel $6$ a $12$, teda $6 \\& 12 = 4$, a ich bitový XOR $6 \\oplus 12 = 10$. Bitová reprezentácia $6$ je '0110' a $12$ je '1100'. Teda ich AND má bitovú reprezentáciu '0100' a XOR '1010'.\r\n\r\n## Formát vstupu\r\n\r\nV prvom riadku vstupu je číslo $n$ - počet predmetov, nad ktorými Stanko uvažuje.\r\nV druhom riadku je medzerou oddelených $n$ čísel $p_1, \\dots p_n$, $p_i$ popisuje $i$-ty predmet.\r\nPlatia nasledujúce obmedzenia:\r\n$1 \\leq p_i \\leq 10^{9}$\r\n\r\n| Sada                   |     1    |   2    |     3    |     4        |\r\n|:----------------------:|:--------:|:------:|:--------:|:------------:|\r\n| $1 \\leq n \\leq$        |    $6$   |  $30$  | $1\\,000$ | $2\\cdot10^5$ |\r\n\r\n## Formát výstupu\r\n\r\nVypíš jeden riadok a v ňom jedno celé číslo - počet dvojíc predmetov, ktoré sú viac podobné ako rozdielne.\r\n\r\n## Príklad\r\n\r\n```vstup\r\n5\r\n1 4 3 7 10\r\n```\r\n\r\n```vystup\r\n1\r\n```\r\n\r\n*Vyhovuje iba dvojica $4$ a $7$.*\r\n\r\n```vstup\r\n3\r\n3 3 3\r\n```\r\n\r\n```vystup\r\n3\r\n```\r\n\r\n```vstup\r\n2\r\n2 4\r\n```\r\n\r\n```vystup\r\n0\r\n```", "type": "PS", "problem": 3}}, {"model": "problems.text", "pk": 7, "fields": {"text": "# Školské pomôcky {vzorak=\"Marianka\" mail=\"marianna.hronska@trojsten.sk\" bodypopis=12 bodyprogram=8}\r\n%by Marianka\r\n%proofread fezjo\r\n\r\n## Bruteforce\r\n\r\nNajjednoduchšie riešenie tejto úlohy je vyskúšať každú kombináciu pomôcok, ktorú Peťko vie v obchode nájsť. Pre prvú sadu je to jednoduché, pretože vyskúšame každú dvojicu pomôcok typu $1$ a $2$, a vyberieme dvojicu, ktorá sa zmestí do rozpočtu a má najvyššiu kvalitu. Pre druhú sadu je takéto riešenie pomalé a stačiť nebude.\r\n\r\nPre tretiu sadu vieme použiť rovnaký princíp -- vyškúšať každú kombináciu pomôcok. Bude to však ťažšie ako pri prvej sade, lebo máme rôzny počet typov. Takéto niečo vieme pomerne v pohode vyriešiť rekurzívnym DFS prehľadávaním všetkých možností. Pre štvrtú sadu je takéto riešenie pomalé.\r\n\r\n## Rýchlejšie riešenie pre dva typy\r\n\r\nPozrime sa na trochu lepšie riešenie, ktoré prejde cez druhú sadu. Naše riešenie bude počítať s tým, že sú iba dva typy pomôcok. Pomôcky si rozdelíme do dvoch polí podľa ich typov a tieto polia zoradíme podľa kvality. Náš program pôjde zozadu oboch polí a bude sa snažiť kupovať najkvalitnejšie pomôcky. Vezmeme najkvalitnejšiu pomôcku z jedného typu a dáme ju do páru s najlacnejšou pomôckou druhého typu, ktorá má aspoň takú kvalitu ako tá najkvalitnejšia z prvého typu.\r\n\r\nNajlacnejšiu pomôcku s aspoň takou kvalitou vieme nájsť jednoducho. Pôjdeme zozadu poľa druhého typu cez všetky pomôcky, ktoré sú väčšie alebo rovné kvalite prvej pomôcky a zistíme, ktorá je najlacnejšia. Keď sa v poli prvého typu posunieme o jednu pomôcku doľava, nemusíme v druhom poli začínať znova od konca. Stačí pokračovať od miesta kde sme naposledy prestali (premyslite si prečo). Tento prístup sa nazýva dvaja bežci. Alternatívne, keďže sme si polia utriedili, môžeme, bez zhoršenia časovej zložitosti, pomôcky v druhom poli binárne vyhľadávať.\r\n\r\nAk je cena tejto dvojice pomôcok vyššia ako je rozpočet, tak musíme hľadať ďalej. Takéto riešenie má časovú zložitosť $O(n \\log(n) + n)$. Avšak, toto riešenie prejde iba cez prvé dve sady. My potrebujeme riešenie, ktoré počíta s tým, že počet typov pomôcok je variabilný.\r\n\r\nAk nevieme prísť na vzorové riešenie, ale chceme maximaizovať náš počet bodov. Vieme skombinovať toto riešenie a bruteforce pre $t > 2$ a získať body za prvé tri sady. Samozrejme treba dávať pozor, ktoré riešenie používame pri akej sade.\r\n\r\n## Vzorové riešenie\r\n\r\nÚlohu vyriešime pomocou binárneho vyhľadávania, ktoré nám pomôže nájsť najvyššiu kvalitu pomôcok za cenu, ktorú si vie Peťko dovoliť. Binárne vyhľadáme kvalitu $k$, ktorá spĺňa naše požiadavky. Ak chceme dosiahnúť aspoň kvalitu $k$, tak sa pre každý typ pomôcky pokúsime nájsť najlacnejšiu pomôcku, ktorá má aspoň kvalitu $k$. Ak je súčet týchto najlacnejších pomôcok väčší ako počet peňazí, tak musíme hľadať ďalej a skúsime menšie $k$. Ak je súčet pomôcok menší alebo rovný ako počet peňazí, tak sme našli jedno možné riešenie, ale stále chceme pokračovať ďalej a vyskúšať väčšie $k$. Pokračujeme až kým sa nám neminú možnosti. V takom prípade sme buď našli najvyššiu kvalitu pomôcok, ktorú si vie Peťko dovoliť, alebo sme zistili, že také pomôcky neexistujú. Riešenie má časovú zložitosť $O(n \\log(n) + n)$.\r\n\r\nExistuje ešte ďalšie riešenie, ktoré je zovšeobecnením rýchleho riešenia pre dva typy. Pomôcky si zoradíme podľa kvality. Použijeme úplne ten istý prístup ako pri dvoch typoch -- pozerieme sa na pomôcku z nejakého typu a snažíme sa nájsť súčet najlacnejších pomôcok všetkých zvyšných typov, ktoré majú aspoň takú kvalitu. Avšak, toto hľadanie musíme robiť v $O(1)$. Ak spravíme niečo ako techniku $t$ bežcov, tak si nám stačí tento súčet aktualizovať pri posune bežca. Takéto riešenie má časovú zložitosť $O(n \\log(n))$. Ak to chceme ešte úplne vyhrotiť, tak na zoradenie polí môžeme použiť bucketsort a tak bude mať naše riešenie časovú zložitosť $O(n)$. Detaily si môžete pozrieť v kóde.\r\n\r\n\r\n% Uncomment listings only after doprogramovavanie is finished.\r\n\r\n\\listing{prikl4/vstupy/sol-marianka.py}\r\n\r\n\\listing{prikl4/vstupy/sol-fezjo-100-bucketsort.py}", "type": "ES", "problem": 4}}, {"model": "problems.text", "pk": 8, "fields": {"text": "# Školské pomôcky\r\n\r\nŠkola sa zas nezastaviteľne blíži a Peťko si musí ísť kúpiť nové pomôcky. Po\r\ndlhom prieskume obchodov sa rozhodol ísť do KSP^[Kvalitné School Pomôcky - názov\r\nbol inšpirovaný Banskobystrickou legendou Vlak Bus Shopping], kde majú\r\nnajkvalitnejšie školské pomôcky. Možno sa pýtate, prečo Peťkovi tak veľmi\r\nzáležalo na ich kvalite? On sa totiž toto leto dočítal v časopise, že čím lepšiu\r\nsúpravu pomôcok bude mať, tým viac sa mu bude dariť v škole. A to sa oplatí.\r\n\r\nNie je to však také jednoduché, pretože celková kvalita súpravy školských\r\npomôcok je taká kvalitná, ako jej najmenej kvalitná pomôcka. Taktiež, Peťko nemá\r\nneobmedzene veľa peňazí a celková cena sa musí zmestiť do vreckového od jeho\r\nrodičov. Celý tento proces je náročnejší ako si Peťko myslel a teraz má hlavu v\r\nsmútku, pretože sa mu nechce rozmýšlať^[Chudák Peťko má ešte stále prázdniny.],\r\nktoré pomôcky si má vybrať. Pomôžte mu s jeho dilemou, aby sa mu tento rok čo\r\nnajviac darilo.\r\n\r\n## Úloha\r\n\r\nV obchode majú rôzne typy školských pomôcok -- pero, ceruzka, zošit... označené\r\nčíslami od $1$ po $t$. Každá pomôcka má tri atribúty -- typ, cena, kvalita.\r\nPeťko chce nakúpiť pomôcky tak,\r\n\r\n1. aby mal z každého typu jednu;\r\n2. aby cena jeho nákupu nepresiahla peniaze, ktoré má k dispozícií;\r\n3. a aby celková kvalita súpravy pomôcok bola čo najväčšia.\r\n\r\nPeťko má na výber z $n$ pomôcok a má k dispozícií $m$ peňazí. Celková kvalita\r\nnákupu sa rovná kvalite najmenej kvalitnej pomôcky. Zistite celkovú kvalitu\r\nPeťkovho nákupu.\r\n\r\n## Formát vstupu\r\n\r\nNa prvom riadku dostanete tri čísla $t$ (počet typov školských pomôcok), $n$\r\n(počet pomôcok na výber) a $m$ (vreckové od rodičov). Na ďalších $n$ riadkoch\r\ndostanete tri čísla -- $t$ udávajúce typ pomôcky, $c$ ($0 \\leq c \\leq 2 \\cdot m$) udávajúce\r\ncenu pomôcky a $k$ ($1 \\leq k \\leq 5 \\cdot n$) udávajúce kvalitu pomôcky.\r\n\r\nV jednotlivých sadách platia nasledujúce obmedzenia:\r\n\r\n| Sada            |     1 |          2 |          3 |          4 |\r\n|:----------------|------:|-----------:|-----------:|-----------:|\r\n| $2 \\leq t \\leq$ |   $2$ |        $2$ |   $1\\,000$ | $500\\,000$ |\r\n| $6 \\leq n \\leq$ | $100$ | $500\\,000$ |   $1\\,000$ | $500\\,000$ |\r\n| $1 \\leq m \\leq$ | $200$ |  $20\\,000$ | $250\\,000$ |     $10^9$ |\r\n\r\n## Formát výstupu\r\n\r\nVypíšte jeden riadok a v ňom jedno celé číslo udávajúce celkovú kvalitu súpravy\r\nkúpených pomôcok. Ak sa pomôcky nedajú kúpiť, vypíšte $0$.\r\n\r\n## Príklady\r\n\r\n```vstup\r\n2 6 20\r\n1 16 24\r\n1 8 11\r\n2 12 18\r\n1 6 7\r\n2 13 15\r\n2 25 15\r\n```\r\n\r\n```vystup\r\n11\r\n```\r\n\r\n*Peťko chce maximalizovať kvalitu jeho pomôcok, lenže najkvalitnejšie stoja\r\n$16 + 12 = 28$, čo je viac ako $20$. Preto si nekúpi najkvalitnejšiu pomôcku typu\r\n$1$, ale druhú najkvalitnejšiu. Jeho nákup bude stáť $8 + 12 = 20$. Celková\r\nkvalita súpravy pomôcok je $11$, pretože pomôcka s najmenšou kvalitou má kvalitu\r\n$11$.*\r\n\r\n```vstup\r\n2 6 12\r\n2 8 17\r\n1 6 10\r\n1 9 4\r\n2 12 5\r\n2 11 23\r\n1 12 5\r\n```\r\n\r\n```vystup\r\n0\r\n```\r\n\r\n*Ak si chce Peťko kúpiť z každého typu predmetu jeden, tak mu na to nevýjdu\r\npeniaze.*", "type": "PS", "problem": 4}}, {"model": "problems.text", "pk": 9, "fields": {"text": "# Koho ešte nepoznám? {vzorak=\"Merlin\" mail=\"martin.bellus@trojsten.sk\" bodypopis=12 bodyprogram=8}\r\n%by Merlin\r\n%proofread fezjo\r\n\r\n## Bruteforce\r\nV prvej sade sú limity celkom malé, teda si môžeme dovoliť vygenerovať všetky možné výsledné plány Matfyzu a následne zistiť, či aspoň jeden z nich vyhovuje zadaniu.\r\nNa takéto generovanie môžeme použiť napríklad techniku bitmasiek, kde si vygenerujeme postupne všetky $n \\cdot m$ bitové čísla a podľa nich vygenerujeme zábrany.\r\nAk je nejaký bit 1, tak na dané miesto v pláne Matfyzu dáme zábranu (ak sa to teda dá), inak ju tam nedáme.\r\nPotom nám už len zostáva skontrolovať podmienky zo zadania.\r\n\r\nPre každého Matfyzáka z jeho pozície môžeme spustiť prehľadávanie [do širky](https://www.ksp.sk/kucharka/bfs/) (alebo aj [do hĺbky](https://www.ksp.sk/kucharka/dfs/)). Ak sa týmto prehľadávaním dostaneme do pravého dolného rohu Matfyzu, tak sa vedia dostať von.\r\nPodobne to spravíme aj pre každého FIITáka.\r\nAk sa každý Matfyzák a žiaden FIITák dokáže dostať von, tak sme našli správne riešenie, inak je aktuálne riešenie nesprávne.\r\nPre každého človeka potrebujeme spustiť prehľadávanie, ktoré má časovú zložitosť $O(n \\cdot m)$. Ľudí ale môže byť až $n \\cdot m$, teda časová zložitosť kontroly jedného plánu je $O(n^2 \\cdot m^2)$.\r\nKeďže všetkých podmnožín $n \\cdot m$ prvkovej množiny je $2^{n \\cdot m}$, tak celková časová zložitosť je $O(n^2 \\cdot m^2 \\cdot 2^{n \\cdot m})$.\r\n\r\n% TODO subor neexistuje\r\n\\listing{prikl5/vstupy/sol_vzorak_bruteforce.cpp}\r\n\r\n## Ako lepšie zablokovať FIITákov?\r\nAko prvé si môžeme všimnúť, že ak má byť plán úspešný, tak vo výslednom pláne Matfyzu nemôže existovať nezablokovaná cesta medzi FIITákom a Matfyzákom.\r\nAk by taká existovala, tak FIITák príde za Matfyzákom a od teraz ho bude len nasledovať. Potom sa buď nevie dostať Matfyzák von z budovy alebo sa FIITák dokáže dostať z budovy. Teda aspoň jedna z podmienok zo zadania nebude splnená.\r\nTeda ak sa na začiatku vedľa seba nachádza nejaký FIITák a Matfyzák, tak riešenie určite neexistuje.\r\n\r\nSkúsme sa teraz zamyslieť nad tým, ako zabrániť FIITákom dostať sa von z budovy.\r\nPovedzme, že to spravíme najjednoduchším spôsobom, akým to ide a všetky 4 políčka okolo každého FIITáka zablokujeme (ak sa tam už niečo nenachádza).\r\nTakto od seba oddelíme FIITákov od Matfyzákov (ak nejakí nezačínali vedľa seba) a zablokujeme im východ zo školy.\r\n\r\nNájsť takýmto spôsobom zátarasy má časovú zložitosť $O(n \\cdot m)$, lebo stačí raz prejsť celú tabuľku.\r\n\r\nKontrolovať riešenie môžeme rovnakým spôsobom, ako v bruteforce riešení.\r\nVýsledná časová zložitosť potom bude $O(n^2 \\cdot m^2)$, čo stačí na prejdenie prvých 2 až 3 sád.\r\n\r\n\\listing{prikl5/vstupy/sol_vzorak_partial.cpp}\r\n\r\n## Prečo toto funguje?\r\nPredstavme si, že sme takto obkolesili každého FIITáka, teda sa žiaden z nich nedokáže dostať von.\r\nTeda ak nie je naše riešenie správne, tak sme museli zablokovať aspoň jedného z Matfyzákov (takého, ktorý sa predtým vedel dostať von).\r\nAk by sme chceli tohto Matfyzáka odblokovať, tak musíme aspoň jednu zo zábran, ku ktorej sa tento Matfyzák vie dostať odstrániť, aby mohol prejsť ďalej.\r\nPotom ale určite existuje nezablokovaná cesta medzi FIITákom a Matfyzákom, lebo nami pridané zábrany susedia priamo z FIITákmi.\r\nTeda riešenie by aj tak neexistovalo.\r\n\r\n\r\n## Optimálne riešenie\r\nZisťovanie, či je dané riešenie správne, je zatiaľ príliš pomalé. Ako by sa teda dalo zrýchliť?\r\nAsi by bolo treba spúšťať len jedno prehľadávanie. Spravíme to teda opačne a prehľadávanie spustíme z pravého dolného rohu Matfyzu.\r\nPočas tohto prehľadávania budeme počítať, na koľko Matfyzákov sme zatiaľ narazili. Keďže sa dá dostať z východu k danému Matfyzákovi, tak sa dá aj od toho Matfyzáka dostať k východu.\r\nTeda stačí len porovnať celkový počet Matfyzákov na začiatku s počtom Matfyzákov, ktorých sme prešli pri prehľadávaní.\r\nKeďže spúšťame už len jedno prehľadávanie, tak toto riešenie už bude mať časovú zložitosť $O(n \\cdot m)$ a pamäťovú zložitosť $O(n \\cdot m)$, teda by malo dostať 8 bodov.\r\n\r\n\\listing{prikl5/vstupy/sol_vzorak.cpp}\r\n\r\n\\listing{prikl5/vstupy/sol_vzorak.py}\r\n\r\n## Iné zaujímavé riešenie\r\nMôžeme si všimnúť, že to, ako má vyzerať nejaký riadok vo výsledku je jednoznačne určené tým, ako vyzerá riadok nad ním a riadok pod ním. Teda zistiť, kde chceme pridať v aktuálnom riadku zábrany je pomerne jednoduché.\r\nZaujímavejší problém je ale zistiť, či je toto vyplnenie správne alebo nie, ak máme k dispozícií len $3$ po sebe idúce riadky.\r\nRozdeľme si políčka do komponentov tak, že z každého políčka v komponente sa dá dostať do každého iného v tom komponente. Potom si pre každý riadok stačí pamätať, ktoré políčko patrí do ktorého komponentu a koľko Matfyzákov sa nachádzaz v ktorom komponente. Aby bolo riešenie správne, tak komponent obsahujúci východ z Matfyzu musí obsahovať všetkých Matfyzákov.\r\nOstáva nám už len dopočítať z toho, ako vyzerajú komponenty v predošlom riadku to, ako majú vyzerať v aktuálnom.\r\nKomponenty si budeme pamätať v dátovej štruktúre UnionFind, v ktorej vieme v čase $O(\\alpha(n))$ zistiť, v ktorom komponente je prvok alebo spojiť 2 komponenty. (kde $\\alpha(n)$ je [inverzná Ackermannova funkcia](https://cs.wikipedia.org/wiki/Ackermannova_funkce#Inverzn%C3%AD_funkce), ktorá je pre ľubovoľné rozumne predstaviteľné čísla menšia ako $5$)\r\nAk sa na políčku $i$ v aktuálnom riadku nenachádza stena, tak bude v rovnakom komponente, ako políčko $i$ v predošlom riadku. Potom nám už len stačí spojiť komponenty susedných políčok v aktuálnom riadku a pridať Matfyzákov ku komponentom, do ktorých patria.\r\n\r\nÚlohu teda vyriešime v dvoch prechodoch. V prvom zistíme pomocou vyššie uvedeného algoritmu, či riešenie existuje a ak hej, tak ho v druhom prechode nájdeme a vypíšeme.\r\nToto riešenie má síce zanedbateľne horšiu časovú zložitosť $O(\\alpha(m) \\cdot n \\cdot m)$, ale okrem vstupu si musí pamätať len $O(m)$ pamäte navyše. A hlavne, ak by ako výstup stačilo iba určiť úspešnosť plánu (keďže výsledný plán je triviálne skonštruovať), postačoval by nám jeden prechod a pamäťová zložitosť by bola iba $O(m)$.\r\n\r\n\\listing{prikl5/vstupy/sol-fezjo-100-memory.cpp}", "type": "ES", "problem": 5}}, {"model": "problems.text", "pk": 10, "fields": {"text": "# Koho ešte nepoznám? \r\n\r\nPrvácky týždeň na Matfyze je v plnom prúde. Budúci študenti (medzi ktorými je mimochodom aj Duško) si užili mnoho prednášok, spoznávacích hier a iných blbostí, ktoré Dušan už dávno poznal (veď Matfyz je už dávno jeho druhým domovom a do T2 už chodí aj spávať).\r\nTakto znudený sa teda rozhodol, že na budúcich študenton FIIT-ky nastraží habaďúru. Počas spoločnej zoznamovačky sa nenápadne vytratil a začal snovať plán, ako uväzniť FIITákov na Matfyze.\r\nA čo je ešte lepšie, o chvíľu bude obed a ak cesty zatarasí dostatočne dobre, tak FIITáci nestihnú prísť do Eat&Meetu [^1] načas.\r\nTreba si len dať pozor na to, aby nevymkol aj nejakého zo svojich kamarátov.\r\n\r\n[^1]:A toto masívne [menu](http://eatandmeet.sk/tyzdenne-menu) predsa nikto nechce zmeškať.\r\n\r\n\r\n## Úloha\r\n\r\nPôdorys Matfyzu si vieme predstaviť ako štvorčekovú mriežku s $n$ riadkami a $m$ stĺpcami.\r\nKaždé políčko môže byť zablokované `#`, prázdne `.` alebo na ňom môže stáť človek ( `F` ak to je FIITák alebo `M` ak je Matfyzák).\r\nV pravom dolnom rohu mapky sa nachádza východ, cez ktorý sa dá dostať do Eat&Meetu.\r\nDušan chce na FIITákov nastražiť nasledovnú habaďúru.\r\nZablokuje nejaké prázdne políčka Matfyzu tak, aby sa žiaden FIITák nevedel dostať von z Matfyzu, ale každý Matfyzák sa z neho vedel dostať.\r\nKaždý človek vie chodiť len po hranou susediacich políčkach.\r\nPomôžte Dušanovi zistiť, ktoré políčka má zablokovať alebo povedzte, že sa to proste nedá.\r\n\r\n## Formát vstupu\r\n\r\nV prvom riadku vstupu sú čísla $n$ a $m$ ($1 \\leq n, m \\leq 600$) udávajúce rozmery Matfyzu.\r\nNasleduje $n$ riadkov a na každom z nich $m$ znakov `.`, `#`, `M` alebo `F` popisujúce aktuálny stav Matfyzu a rozmiestnenie ľudí.\r\nJe garantované, že pravé dolné políčko (teda východ) je vždy prázdne.\r\n\r\nV jednotlivých sadách platia nasledujúce obmedzenia:\r\n\r\n| Sada                   |     1    |   2    |     3    |     4    |\r\n|:-----------------------|---------:|-------:|---------:|---------:|\r\n| $1 \\leq n,m \\leq$      |      $4$ |  $25$  |    $100$ |    $600$ |\r\n\r\n## Formát výstupu\r\n\r\nVypíšte `Plan uspesny`, ak sa dajú zablokovať niektoré políčka tak, aby sa všetci Matfyzáci vedeli dostať z Matfyzu von a všetci FIITáci nie.\r\nPotom vypíšte $n$ riadkov a na každom z nich $m$ znakov reprezentujúcich to, ako môže vyzerať Matfyz po pridaní prekážok, aby Dušanova habaďúra vyšla.\r\nAk existuje viac možností, vypíšte ľubovoľnú z nich.\r\nAk sa to nedá, vypíšte len na jeden riadok `Neda sa`.\r\n\r\nNezabudnite posledný riadok ukončiť znakom konca riadku.\r\n\r\n## Príklady\r\n\r\n```vstup\r\n3 3\r\nM..\r\n..F\r\nM..\r\n```\r\n\r\n```vystup\r\nNeda sa\r\n```\r\n\r\n*Jediný spôsob, ako zabrániť FIITákovi sa dostať z univerzity von je, ak zablokujeme východ. Potom sa ale z univerzity nebudú vedieť dostať ostatní Matfyzáci.*\r\n\r\n```vstup\r\n5 5\r\n...F.\r\nF....\r\n..###\r\n##M..\r\nM....\r\n```\r\n\r\n```vystup\r\nPlan uspesny\r\n...F.\r\nF....\r\n..###\r\n##M..\r\nM....\r\n```\r\n\r\n*Netreba pridávať žiadne prekážky, žiaden FIITák sa nedokáže dostať z univerzity.*\r\n\r\n```vstup\r\n2 5\r\nF.MMM\r\n.F.M.\r\n```\r\n\r\n```vystup\r\nPlan uspesny\r\nF#MMM\r\n.F#M.\r\n```", "type": "PS", "problem": 5}}, {"model": "problems.text", "pk": 11, "fields": {"text": "# Oči veľké\r\n\r\nKubo si, ako každý iný premotivovaný prváčik na Matfyze, zapísal o trošku viac predmetov, než je bežné. *Odporúčané predmety? No šak obvi. \\*klik\\* Angličtina? Veď som z nej maturoval, kredity zadarmo! \\*klik\\* Diferenciálne rovnice? Tie slová som už na gympli počul, to bude easy. \\*klik\\* Marek písal, že ide na politológiu? \\*klik\\* Čo je toto? História piva?!? To znie zaujímavo...*\r\n\r\nNo ale teraz sa začal školský rok, z Kuba opadla všetká eufória a uvedomil si, že si zapísal tak približne tisíc predmetov a neexistuje ani najmenšia šanca, že by všetkými prešiel. A tak po chvíli veľmi pokojného rozmýšľania prišiel s (ako zvyčajne) geniálnym plánom. Zistí si informácie o každom predmete a vyrobí si detailný študijný plán, ktorý mu maximalizuje počet získaných kreditov!\r\n\r\nAle len o pár minút neskôr si o sebe uvedomil ďalšiu, ešte nepríjemnejšiu, realitu. Pred nástupom si hovoril, ako tvrdo bude pracovať, ako porazí prokrastináciu a stane sa z neho Ačkový žiak. Avšak teraz tu leží na posteli, plánu sa, samozrejme, ani nedotkol, a číta si o tom, ako sa kraby päťkrát nezávisle vyvinuli [^1]. Ako sa sem dostal? Ani sám nevie. Ale jedno je jasné. Jeho práca opäť padne na vás...\r\n\r\n[^1]:<https://en.wikipedia.org/wiki/Carcinisation> - dosť dobrý rabbit hole, odporúčam.\r\n\r\n## Úloha\r\n\r\nKubo má zapísaných $n$ predmetov. Každému predmetu prislúcha istý počet kreditov $k_i$, ktoré Kubo získa za úspešné absolvovanie skúšky z tohto predmetu. Pre každý predmet vieme, že Kubo má ešte $d_i$ dní do termínu skúšky a že potrebuje $t_i$ z nich stráviť štúdiom daného predmetu, aby skúšku urobil.\r\n\r\nZistite, aké je najväčšie možné množstvo kreditov, ktoré vie Kubo získať.\r\n\r\n## Formát vstupu\r\n\r\nV prvom riadku vstupu je číslo $n$ ($1 \\leq n \\leq 1\\,000$) udávajúce počet predmetov, ktoré má Kubo zapísané.\r\n\r\nKaždý z nasledujúcich $n$ riadkov obsahuje tri čísla - $k_i$, $d_i$ a $t_i$ ($1 \\leq k_i \\leq 10^6, 1 \\leq t_i \\leq d_i \\leq 20\\,000$) popisujúce jeden predmet.\r\n\r\nÚloha má niekoľko sád vstupov, ktoré navyše spĺňajú nasledujúce obmedzenia:\r\n\r\n| Sada            |        1 |         2 |        3 |         4 |\r\n| :-------------- | -------: | --------: | -------: | --------: |\r\n| $n  \\leq$       |     $20$ |     $100$ | $1\\,000$ |  $1\\,000$ |\r\n| $\\max d_i \\leq$ | $2\\,000$ | $20\\,000$ | $2\\,000$ | $20\\,000$ |\r\n\r\n## Formát výstupu\r\n\r\nVypíš jeden riadok a v ňom jedno celé číslo - maximálny počet kreditov, ktorý dokáže Kubo získať.\r\n\r\n\r\n## Príklad\r\n```vstup\r\n3\r\n5 7 5\r\n2 8 4\r\n4 5 4\r\n```\r\n\r\n```vystup\r\n6\r\n```\r\n\r\n_Prvé 4 dni strávime štúdiom tretieho predmetu a nasledujúce 4 dni štúdiom druhého. Takto spravíme skúšku z oboch z nich a tak získame 6 kreditov. Prvý predmet by nám síce dal najviac kreditov, ale okrem neho by sme nič iné nestihli a tak sa nám to neoplatí._", "type": "PS", "problem": 6}}, {"model": "problems.text", "pk": 12, "fields": {"text": "# Oči veľké {vzorak=\"Jakub Konc\" mail=\"jakub.konc@trojsten.sk\" bodypopis=12 bodyprogram=8}\r\n%by Jakub Konc\r\n%proofread fezjo\r\n\r\n## Bruteforce\r\n\r\nNajjednoduchší bruteforce je jednoducho vyskúšať všetky možné priradenia študovaných predmetov ku dňom a skontrolovať, ktoré predmety by sme urobili. Toto je však samozrejme príliš pomalé. Časová zložitosť je $O(n D^n)$, kde $D=\\max d_i$. \r\n\r\nAko toto vieme zrýchliť?\r\n\r\n## Lepší bruteforce\r\n\r\nMôžeme si všimnúť, že keď už raz začneme študovať nejaký predmet, oplatí sa nám ho celý doštudovať a až potom začínať s ďalším. \r\n\r\nPredstavme si totiž, že by v optimálnom riešení existovala dvojica predmetov $A$ a $B$, také, že $A$ sme dokončili skôr ako $B$, ale ešte pred jeho dokončením sme začali študovať $B$. Tu vidíme, že keby sme najprv dokončili $A$, stále by sme mali platné riešenie - $A$ by sme doštudovali skôr a koniec $B$ by sa nezmenil. Tu teda vidíme, že existuje optimálne riešenie, v ktorom každý predmet študujeme v jednom kuse.\r\n\r\nToto znamená, že predmety môžeme vnímať ako súvislé bloky. Zaujíma nás teda len to, ktoré predmety sa rozhodneme študovať a v akom poradí.\r\n\r\nZ tohoto sa nám formuje rýchlejšie riešenie. Vygenerujeme si všetky podmnožiny predmetov a pre každú z nich všetky jej permutácie. Pre každú z nich si skontrolujeme, že zo všetkých predmetoch v nej urobíme skúšku. Zo všetkých, pre ktoré je odpoveď áno zoberieme tú s najviac kreditmi a tá je riešením. Podľa toho, ako šikovne toto implementujeme sa bude časová zložitosť pohybovať medzi $O(n!)$ a $O(n^2 n!)$, čo stále nepostačuje na získanie bodov.\r\n\r\n## Ďaľšie pozorovanie\r\n\r\nTu ale prichádza na radu druhé kritické pozorovanie. Dokážme si, že v optimálnom riešení budeme predmety študovať v poradí ich skúšok. Keby sme mali predmety $A$ a $B$ kde $A$ má termín skôr ako $B$ ale $B$ sa učíme skôr ako $A$, môžeme ich poradie vymeniť. $A$ tak dokončíme skôr a $B$ vtedy, čo pôvodne $A$. To je ale v poriadku, keďže vieme, že $A$ má termín skôr ako $B$.\r\nV nasledujúcich riešeniach si teda predmety na začiatku zoradíme a tým pádom nám vypadáva nutnosť riešiť v akom poradí ich budeme študovať.\r\n\r\nA tu sa nám pomerne priamočiaro rodí ďalšie riešenie. Prejdeme si všetkými podmnožinami predmetov a pre každú skontrolujeme, či dokážeme všetky jej predmety urobiť. Takéto riešenie má časovú zložitosť okolo $O(n 2^n)$ a po jeho odovzdaní sme odmenení dvoma bodmi.\r\n\r\n## Dynamika\r\n\r\nA v tomto bode už skúseného KSP-čkara neprekvapí, že optimálnym riešením bude dynamické programovanie.\r\n\r\nZamyslime sa teda, čo by sme chceli mať ako stav tejto dynamiky. Keďže ideme robiť dynamiku, budeme mať nejaké malé podproblémy a budeme ich rozširovať na väčšie. Teda, aby sme vedeli, či vieme do riešenia pridať nejaký predmet budeme potrebovať skontrolovať či by sme ho vôbec stíhali, a teda v stave určite budeme potrebovať mať počet dní zatiaľ strávených štúdiom $j$. Tiež sa však potrebujeme uistiť, že predmet do jedného riešenia nepridáme dvakrát, tak si pamätajme aj posledný študovaný predmet $i$. Ak $i=0$, znamená to, že sme žiadny predmet ešte nevybrali. \r\n\r\nPre $i=0$ je riešenie jasné - žiadne kredity získať nevieme. Ako teraz spočítame hodnoty stavov s nejakým $i \\geq 1$ ak vieme riešenia pre všetky stavy s menším $i$? Najprv si skontrolujeme, či by sme takto vôbec predmet doštudovali pred skúškou, teda či $j \\leq d_i$. Ak nie, hodnota stavu je samozrejme 0. Inak si prejdeme všetkými možnými predošlými predmetmi a zoberieme najlepšiu možnosť - $\\text{dp}[i][j] = \\max_{0 \\leq x \\leq i-1} \\text{dp}[x][j-t_i] + k_i$. Toto nám dáva časovú zložitosť $O(n^2 D)$, čo je dostatočne rýchle na získanie šiestich bodov.\r\n\r\n## Optimálne riešenie\r\n\r\nOptimalizácia, ktorá nám získa posledné dva body je pomerne jednoduchá a podobá sa klasickému 0-1 knapsacku. Prestaňme vynucovať, že $i$ je posledný predmet -- nech len hovorí, že žiadny predmet po ňom sme už nepoužili. Toto ale znamená, že pri prechode nebudeme musieť prechádzať všetky $x$ menšie ako $i$, ale len $x=i-1$, pretože všetky ostatné v ňom budú zahrnuté. Nový prechod tak bude jednoducho $\\text{dp}[i][j] = \\max(\\text{dp}[i-1][j], \\text{dp}[i-1][j-t_i] + k_i)$ ak $j\\leq d_i$, inak proste dp$[i-1][j]$ . Toto nám dáva časovú aj pamäťovú zložitosť $O(n \\log n + n D)$. Môžeme si však všimnúť, že pri počítaní stavov s $i$ potrebujeme len stav $i-1$, čo znamená, že ostatné vieme postupne zahadzovať a tak mať pamäťovú zložitosť $O(n+D)$.\r\n\r\n\r\n% Uncomment listings only after doprogramovavanie is finished.\r\n\r\n\\listing{prikl6/vstupy/sol-pekne.cpp}", "type": "ES", "problem": 6}}, {"model": "contests.contest", "pk": 3, "fields": {"name": "Korešpondenčný matematický seminár", "short_name": "kms", "site": 1, "order": 0}}, {"model": "contests.category", "pk": 2, "fields": {"name": "Level 2", "identifier": "2", "contest": 3}}, {"model": "contests.category", "pk": 3, "fields": {"name": "Level 1", "identifier": "1", "contest": 3}}, {"model": "content.page", "pk": 1, "fields": {"site": 1, "slug": "pravidla", "title": "Pravidlá", "content": "Súťaž sa skladá z dvoch nezávislých častí — zimnej a letnej. Každá\r\nz nich prebieha v rámci školského polroka. Na konci každej časti budú\r\nnajúspešnejší riešitelia pozvaní na záverečné sústredenie. Každá časť\r\npozostáva z troch kôl úloh. Zadania jednotlivých kôl nájdeš na stránke\r\n<https://kms.sk/ulohy/> vždy aspoň mesiac pred termínom odovzdania\r\ndaného kola. Úlohy $1$ až $8$ budú obodované počtom bodov od $0$ po $9$, úlohy $9$ a $10$ počtom bodov od $0$ po $10$. Okrem toho v niektorých špeciálnych prípadoch (popísané nižšie) môžu byť úlohy obodované aj od $0$ po $6$ bodov, resp. od $0$ po $3$ body.\r\n \r\nBody sa udeľujú aj za čiastkové či neúplné riešenia. Za každé kolo sa\r\nriešiteľovi do poradia započíta $5$ úloh s najväčším bodovým ziskom.\r\n\r\nKategórie ALFA a BETA\r\n---------------------\r\n\r\nNa to, aby si vedel/-a, ktoré úlohy môžeš riešiť, potrebuješ poznať svoj\r\nkoeficient $\\kappa$. Tento koeficient si môžeš vypočítať ako $\\kappa=\\min(k, 1)+c+u$, kde\r\n\r\n* číslo $k$ je počet tvojich úspešných účastí na krajskom kole\r\nMatematickej olympiády kategórie A, B alebo C pred začiatkom aktuálneho školského roka (keďže vo výpočte $\\kappa$ sa berie menšia z hodnôt $k$ a $1$, po tvojej prvej úspešnej účasti už žiadna ďalšia koeficient nezvýši),\r\n* číslo $c$ je počet tvojich úspešných účastí na celoštátnom kole\r\nMatematickej olympiády pred začiatkom aktuálneho školského roka a\r\n* číslo $u$ je počet tvojich úspešných semestrov (semester považuj za úspešný, ak sa ti počas neho\r\npodarilo získať v niektorej kategórii aspoň $90$ bodov alebo si sa zúčastnil/-a sústredenia).\r\n\r\nKategóriu ALFA môžu riešiť len študenti, ktorí neboli úspešnými riešiteľmi celoštátneho kola Matematickej olympiády a ktorých koeficient $\\kappa$\r\nje najviac $2$.\r\n\r\nKategóriu BETA môžu riešiť všetci študenti. Riešitelia, ktorí môžu riešiť ALFU, sa vo\r\nvýsledkovej listine BETY objavia až po kole, v ktorom pošlú aspoň jednu\r\nz úloh $9$ alebo $10$.\r\n\r\n### Kategória ALFA\r\n\r\nPre riešiteľov kategórie ALFA sú určené úlohy $1$ až $8$. Úlohy číslo\r\n$1$ a $2$ môžu za plný počet bodov riešiť len študenti s $\\kappa\\leq 0$ a úlohu číslo $3$\r\nlen študenti s $\\kappa\\leq 1$. Ostatné úlohy ($4$ až $8$) môžu riešiť\r\nvšetci riešitelia kategórie ALFA.\r\n\r\n### Kategória BETA\r\n\r\nPre riešiteľov kategórie BETA sú určené úlohy $3$ až $10$. Za úlohy $3$ a $4$ nie je v kategórii BETA možné získať plný počet bodov, dajú za riešiť za maximálne $3$, resp. $6$ bodov (popísané nižšie).\r\nÚlohu číslo $5$ môžu za plný počet bodov riešiť len študenti s $\\kappa\\leq 6$. Ostatné úlohy ($6$ až $10$) môžu riešiť\r\nvšetci riešitelia kategórie BETA.\r\n\r\nPre prehľadnosť uvedieme koeficientové hranice aj v tabuľke.\r\n\r\nČíslo úlohy | $1$ | $2$ | $3$ | $4$ | $5$ | $6$ | $7$ | $8$ | $9$ | $10$\r\n:---: | :---: | :---: | :---: | :---: | :---: | :---: | :---: | :---: | :---: | :---: \r\n$\\kappa\\leq$ | $0$ | $0$ | $1$ | $2$ | $6$ | $-$ | $-$ | $-$ | $-$ | $-$\r\n\r\nRiešenia za $3$ a $6$ bodov\r\n--------------\r\n\r\nKoeficient $\\kappa$ určuje, ktoré úlohy môže riešiteľ súťažne riešiť za plný počet bodov. Okrem toho môže riešiť aj\r\n\r\n* úlohu s najvyšším poradovým číslom, ktorú mu koeficient nedovoľuje riešiť, pričom za riešenie dostane dve tretiny získaného počtu bodov zaokrúhlené na najbližšie celé číslo (čiže najviac $6$) a\r\n* úlohu s druhým najvyšším poradovým číslom, ktorú mu koeficient nedovoľuje riešiť, pričom za riešenie dostane tretinu získaného počtu bodov zaokrúhlenú na najbližšie celé číslo (čiže najviac $3$).\r\n\r\nV kategórii BETA navyše úlohu $3$ nemožno riešiť za $6$ ani $9$ bodov a úlohu $4$ nemožno riešiť za $9$ bodov (čiže akoby každý riešiteľ s $\\kappa\\leq2$ mal vo výsledkovej listine BETY koeficient $\\kappa=3$). Napríklad\r\n\r\n- riešiteľ s koeficientom $3$ nemôže súťažne riešiť úlohy $1$ a $2$, v úlohe $3$ vie získať $3$ body, v úlohe $4$ vie získať $6$ bodov, v úlohach $5$ až $8$ vie získať po $9$ bodov a v úlohach $9$ a $10$ vie získať po $10$ bodov,\r\n- riešiteľ s koeficientom $7$ nemôže súťažne riešiť úlohy $1$ až $3$, v úlohe $4$ vie získať $3$ body, v úlohe $5$ vie získať $6$ bodov, v úlohach $6$ až $8$ vie získať po $9$ bodov a v úlohach $9$ a $10$ vie získať po $10$ bodov a\r\n- riešiteľ s koeficientom $2$ nemôže súťažne riešiť úlohu $1$, v úlohe $2$ vie získať $3$ body, v úlohe $3$ vie získať $6$ bodov do kategórie ALFA a $3$ body do kategórie BETA, v úlohe $4$ vie získať $9$ bodov do kategórie ALFA a $6$ bodov do kategórie BETA, v úlohach $5$ až $8$ vie získať po $9$ bodov do oboch kategórii a v úlohach $9$ a $10$ vie získať po $10$ bodov do kategórie BETA.\r\n\r\nBodovanie týchto úloh funguje tak, že opravovateľ ohodnotí úlohu od $0$ po $9$ bodov ako zvyčajne, ale riešiteľovi sa do súčtu bodov z nej započíta len tretina, resp. dve tretiny bodov zaokrúhlené na najbližšie celé číslo.\r\n\r\nPozývanie na sústredenia\r\n------------------------\r\n\r\nPo každej časti, zimnej aj letnej, sa uskutoční aspoň jedno sústredenie pre\r\nnajúspešnejších riešiteľov oboch kategórií ALFA a BETA. \r\nZ každej z kategórii ALFA a BETA bude aspoň $24$ najlepších riešiteľov pozvaných na niektoré z nich. Ostatní riešitelia môžu byť pozvaní ako náhradníci. V rámci jednej časti\r\nje možné zúčastniť sa najviac jedného sústredenia.\r\n\r\nKeďže sústredenie kategórie ALFA je určené najmä pre študentov $9$. ročníka základnej školy až $3$. ročníka strednej školy a sústredenie kategórie BETA je určené najmä pre stredoškolských študentov, vyhradzujeme si právo\r\ns prihliadnutím hlavne na ročník úspešného riešiteľa pozvať ho na sústredenie inej kategórie, resp. nepozvať ho.\r\n\r\nPokyny pre riešiteľov\r\n---------------------\r\n\r\n- Úlohy rieš **samostatne**.\r\n- Riešenie každej úlohy riadne zdôvodni. V prípade, že v časti či celom riešení používaš odbornú literatúru, uveď jej názov, autora, vydavateľstvo, rok vydania a stranu, prípadne odkaz na internetovú stránku, ak si čerpal z internetu. Samozrejme, aj v tomto prípade zašli kompletné riešenie.\r\n- Riešenie musí byť explicitné (pochopiteľné samo o sebe bez ďalších zdrojov) a musí byť skontrolovateľné (v rozumnom čase) ručne opravovateľom (napríklad riešenia využívajúce výpočtovú techniku obvykle ručne skontrolovateľné nie sú).\r\n- Odporúčame Ti pozrieť stránku [Ako riešiť úlohy v KMS](/ako_riesit/), kde nájdeš niekoľko užitočných rád.\r\n- Riešenia posielaj do termínu odoslania kola. Ak posielaš poštou riešenia z územia mimo Slovenskej republiky, treba to stihnúť do uvedeného zahraničného termínu. Riešenia odoslané po termíne odoslania spôsobujú značné organizačné problémy, vyhradzujeme si preto právo udeliť za ne nula bodov.\r\n- Riešenie každej úlohy píš na samostatný papier formátu A4. Ku každej úlohe uveď svoje meno, triedu, školu a adresu! Vítané sú okrem riešení v slovenčine aj riešenia v angličtine a češtine. Veľmi nás potešia riešenia písané v TeXu. Z organizačných dôvodov nebudú opravované riešenia písané v iných jazykoch.\r\n- Na našej stránke si môžeš stiahnuť a vytlačiť [predlohy pre riešenia](/template/).\r\n- Riešenia píš čitateľne. Ak nebudeme schopní prečítať časť tvojho riešenia, vyhradzujeme si právo neudeliť ti za tú časť body. Odporúčame písať riešenia na počítači.\r\n- Po termíne kola môžeš na našej stránke nájsť vzorové riešenia, príp. aj [videovzoráky](https://www.youtube.com/user/KorMatSem), ktoré ti pomôžu pochopiť riešenia úloh, s ktorými si mal/-a problém.\r\n- Opravené, obodované a okomentované riešenia nájdeš po prihlásení pod zadaním úlohy na našej stránke.\r\n- Pokiaľ máš dojem, že tvoje riešenie bolo nesprávne obodované, pošli čo najskôr sťažnosť na e-mailovú adresu <mailto:kms@kms.sk>.\r\n-  Ak ti nie je v zadaniach čokoľvek jasné alebo máš akékoľvek pochybnosti, netreba sa báť spýtať sa nás. Ideálny spôsob je zaslanie e-mailu na <mailto:kms@kms.sk>.\r\n\r\nElektronické posielanie riešení\r\n-------------------------------\r\n\r\nSvoje riešenia odporúčame odovzdávať v elektronickej podobe na našej stránke. Pre elektronické posielanie riešení platia nasledovné pravidlá:\r\n\r\n- Termín na odovzdanie je vždy v deň termínu odoslania kola\r\n    o 23:59. Po tomto čase už elektronické posielanie nie je možné. Tento jednotný termín sa týka aj\r\n    zahraničných riešiteľov.\r\n- Akceptované sú **iba riešenia vo formáte pdf** písané na počítači,  prípadne naskenované, **pre každú úlohu jeden súbor**. Pri ich  tvorbe odporúčame použiť TeX alebo export do formátu pdf z iných aplikácií. Môžeš pritom využiť predlohy, ktoré nájdeš na našej stránke <https://kms.sk/template>. Ak posielaš oskenované riešenie, daj si pozor, či nie je príliš tmavé a či je čitateľné.\r\n- Nezabudni v hlavičke riešenia uviesť svoje meno, triedu, školu a adresu!\r\n-   Pokiaľ na našej stránke vyplníš všetky potrebné údaje (pozri si\r\n    návod na <https://kms.sk/eriesenia>), nemusíš posielať poštou\r\n    papierovú návratku.\r\n\r\nPrijatie na FMFI UK bez prijímačiek\r\n-------------------------------\r\n\r\nAk účastník získa v niektorej časti (zimnej, letnej) a ľubovoľnej kategórii KMS aspoň $65\\%$ celkového počtu bodov, a hlási sa na študijný program, ktorého profilovým predmetov je matematika, bude prijatý.\r\n\r\nBa čo viac, ak dosiahne excelentné výsledky a dostane za to Dekanský list, v prípade, že príde študovať na FMFI UK, čaká naňho motivačné štipendium vo výške približne $300$ eur."}}, {"model": "content.post", "pk": 1, "fields": {"title": "Adventný Trojboj", "content": "Milí riešitelia, aj tento advent si pre Vás vedúci KMS, SuŠi a Riešok prichystali \r\n**Adventný trojboj Trojstenu a Riešok**\r\n\r\n\r\nAdventný trojboj sa skladá z troch nezávislých súťaží, do ktorých sa môžete zapojiť a každý adventný deň vyriešiť jednu úlohu:\r\n\r\n* [Adventný šíp SuŠi](https://advent.susi.sk/) s jednoduchými šiframi\r\n* [Adventný Náboj KMS](https://kms.sk/advent2024/) s matematickou úlohou na každý deň (zverejnený bude od 6.12.)\r\n* [Adventný logboj Riešok](https://riesky.sk/advent/), kde môžete riešiť logické úlohy\r\n\r\nVšetky súťaže sú otvorené základoškolákom, stredoškolákom aj starším.\r\nÚlohy sú maličké a príjemné ako sladkosti v adventnom kalendári - či nadšenci šifier, milovníci príkladov alebo fanúšikovia logboja by ich mali zvládnuť vyriešiť všetky. Dva dni po zverejnení sa objavia aj nápovedy, takže báť sa nemusia ani začiatočníci.\r\n\r\nVyskúšajte si rôzne druhy hlavolamov, zapojte sa do všetkých troch súťaží a pri tom sledujte, ako sú na tom vaši kamaráti! Prajeme vám príjemný predvvianočný čas, a veľa zábavy :)", "author": 1, "created_at": "2024-12-15T22:28:47.992Z", "contests": [3]}}, {"model": "content.post", "pk": 2, "fields": {"title": "Prihlás sa na Akadémiu Trojstenu!", "content": "\"Čo sa dá robiť v decembri\" sa pýtaš 🤓? Veď predsa ísť na Akadémiu Trojstenu 🥳!\r\n\r\nTento rok sa stretneme 13.12. ako vždy, na MatFyz je In. \r\nTešiť sa môžete na skvelé prednášky 📚 od vyučujúcich z Matfyzu a STU a Vedátor_sk. Ak chceš vedieť viac o týchto prednáškach, zamier na stránku <https://akademia.trojsten.sk/>, kde nájdeš aj prihlášku 📝 na tento ročník Akadémie.\r\n\r\nAk chceš zažiť Akadémiu aj so spolužiakmi 👫, môžete prísť ako celá trieda! Stačí vyplniť prihlášku pre školy 🏫, ktorá je taktiež na stránke!\r\n\r\nTešíme sa na teba 🤗!", "author": 1, "created_at": "2024-12-15T22:29:19.642Z", "contests": [3]}}, {"model": "content.menugroup", "pk": 1, "fields": {"site": 1, "title": "Seminár", "order": 0}}, {"model": "content.menugroup", "pk": 2, "fields": {"site": 1, "title": "Iné akcie", "order": 1}}, {"model": "content.menuitem", "pk": 1, "fields": {"group": 1, "title": "Pravidlá", "order": 0, "icon": "mdi:book", "url": "/pages/pravidla/"}}, {"model": "content.menuitem", "pk": 2, "fields": {"group": 1, "title": "Aktuálne zadania", "order": 1, "icon": "mdi:file-document", "url": "/sets/"}}, {"model": "content.menuitem", "pk": 3, "fields": {"group": 1, "title": "Novinky", "order": -1, "icon": "mdi:newspaper", "url": "/posts/"}}, {"model": "content.menuitem", "pk": 4, "fields": {"group": 2, "title": "Akadémia", "order": 0, "icon": "mdi:school", "url": "https://akademia.trojsten.sk/"}}]